id,category,query,answer,expected_answer,faithfulness,faithfulness_notes,relevance,relevance_notes,context_recall,context_recall_notes,completeness,completeness_notes,config_label
q01,SLA,SLA xử lý ticket P1 là bao lâu?,"SLA xử lý ticket P1 bao gồm các thông tin sau:
- Phản hồi ban đầu: 15 phút kể từ khi ticket được tạo.
- Xử lý và khắc phục: 4 giờ.
- Escalation: Tự động escalate lên Senior Engineer nếu không có phản hồi trong 10 phút.
- Thông báo stakeholder: Ngay khi nhận ticket, update mỗi 30 phút cho đến khi resolve [1].",Ticket P1 có SLA phản hồi ban đầu 15 phút và thời gian xử lý (resolution) là 4 giờ.,5,All information in the answer is directly supported by the context provided.,5,"The answer directly provides the SLA details for handling P1 tickets, including response time, processing time, escalation, and stakeholder notification.",5,Retrieved: 1/1 expected sources,1,"The model answer includes all key points from the expected answer, providing details on initial response time, resolution time, escalation process, and stakeholder notification.",baseline_dense
q02,Refund,Khách hàng có thể yêu cầu hoàn tiền trong bao nhiêu ngày?,"Khách hàng có thể yêu cầu hoàn tiền trong vòng 7 ngày làm việc kể từ thời điểm xác nhận đơn hàng [1], [3].",Khách hàng có thể yêu cầu hoàn tiền trong vòng 7 ngày làm việc kể từ thời điểm xác nhận đơn hàng.,5,All information in the answer is directly supported by the context provided.,5,The answer directly addresses the query by specifying the time frame for requesting a refund.,5,Retrieved: 1/1 expected sources,1,The model answer fully covers the key point from the expected answer regarding the timeframe for requesting a refund.,baseline_dense
q03,Access Control,Ai phải phê duyệt để cấp quyền Level 3?,"Để cấp quyền Level 3 (Elevated Access), yêu cầu phải có sự phê duyệt của Line Manager, IT Admin và IT Security [1].","Level 3 (Elevated Access) cần phê duyệt từ Line Manager, IT Admin, và IT Security.",5,All information in the answer is directly supported by the context provided.,5,The answer directly addresses the query by specifying who must approve the granting of Level 3 access.,5,Retrieved: 1/1 expected sources,100,"The model answer includes all key points from the expected answer, specifically mentioning the need for approval from Line Manager, IT Admin, and IT Security.",baseline_dense
q04,Refund,Sản phẩm kỹ thuật số có được hoàn tiền không?,"Sản phẩm thuộc danh mục hàng kỹ thuật số (license key, subscription) không được hoàn tiền theo quy định [1].","Không. Theo chính sách hoàn tiền, sản phẩm thuộc danh mục hàng kỹ thuật số (license key, subscription) là ngoại lệ không được hoàn tiền.",5,The answer accurately reflects the information provided in the context regarding the non-refundable nature of digital products.,5,"The answer directly addresses the query about the refund policy for digital products, stating that they are not eligible for refunds.",5,Retrieved: 1/1 expected sources,1,"The model answer covers all key points from the expected answer, stating that digital products (license key, subscription) are exceptions and not eligible for refunds.",baseline_dense
q05,IT Helpdesk,Tài khoản bị khóa sau bao nhiêu lần đăng nhập sai?,"Tài khoản bị khóa sau 5 lần đăng nhập sai liên tiếp. Để mở khóa, bạn có thể liên hệ IT Helpdesk hoặc tự reset qua portal SSO [1].",Tài khoản bị khóa sau 5 lần đăng nhập sai liên tiếp.,5,All information in the answer is directly supported by the context provided.,5,The answer directly addresses the query by stating that the account is locked after 5 consecutive failed login attempts.,5,Retrieved: 1/1 expected sources,1,"The model answer includes all key points from the expected answer, providing the number of failed login attempts and additional information on how to unlock the account.",baseline_dense
q06,SLA,Escalation trong sự cố P1 diễn ra như thế nào?,"Escalation trong sự cố P1 diễn ra theo quy trình sau:

1. On-call IT Admin có thể cấp quyền tạm thời (tối đa 24 giờ) sau khi được Tech Lead phê duyệt bằng lời.
2. Sau 24 giờ, phải có ticket chính thức hoặc quyền sẽ bị thu hồi tự động.
3. Mọi quyền tạm thời phải được ghi log vào hệ thống Security Audit [1][2].

Ngoài ra, trong quy trình xử lý sự cố P1, nếu engineer cần hỗ trợ thêm, họ sẽ thực hiện việc escalate ngay lập tức [3].",Ticket P1 tự động escalate lên Senior Engineer nếu không có phản hồi trong 10 phút sau khi tạo ticket.,5,All information in the answer is directly supported by the retrieved context regarding the escalation process for P1 incidents.,5,"The answer directly addresses the escalation process for P1 incidents, providing a clear and detailed explanation of the steps involved.",5,Retrieved: 1/1 expected sources,0,"The model answer does not mention the automatic escalation of P1 tickets to a Senior Engineer if there is no response within 10 minutes, which is a key point in the expected answer.",baseline_dense
q07,Access Control,Approval Matrix để cấp quyền hệ thống là tài liệu nào?,Không đủ dữ liệu.,Tài liệu 'Approval Matrix for System Access' hiện tại có tên mới là 'Access Control SOP' (access-control-sop.md).,1,"The answer states 'Không đủ dữ liệu' (Not enough data), which does not provide any information or context, indicating a lack of support from the retrieved context.",1,The answer does not provide any relevant information regarding the approval matrix for system access rights.,5,Retrieved: 1/1 expected sources,0,Model answer does not provide any relevant information regarding the document names or their relationship.,baseline_dense
q08,HR Policy,Nhân viên được làm remote tối đa mấy ngày mỗi tuần?,Nhân viên sau probation period có thể làm remote tối đa 2 ngày/tuần [1].,"Nhân viên sau probation period có thể làm remote tối đa 2 ngày/tuần, với điều kiện được Team Lead phê duyệt.",5,The answer accurately reflects the information provided in the context regarding remote work policy after the probation period.,5,The answer directly addresses the query by specifying the maximum number of remote work days allowed per week for employees after the probation period.,5,Retrieved: 1/1 expected sources,1,"The model answer includes all key points from the expected answer, specifically the maximum number of remote days (2 days/week) and the requirement for Team Lead approval after the probation period.",baseline_dense
q09,Insufficient Context,ERR-403-AUTH là lỗi gì và cách xử lý?,Không đủ dữ liệu.,"Không tìm thấy thông tin về ERR-403-AUTH trong tài liệu hiện có. Đây có thể là lỗi liên quan đến xác thực (authentication), hãy liên hệ IT Helpdesk.",1,"The answer states 'Không đủ dữ liệu' (Not enough data), which does not provide any information supported by the context, indicating a lack of relevant information.",1,The answer does not provide any information about ERR-403-AUTH or how to handle it.,,No expected sources,1,"Model answer does not provide any information about ERR-403-AUTH or suggest contacting IT Helpdesk, which are key points in the expected answer.",baseline_dense
q10,Refund,"Nếu cần hoàn tiền khẩn cấp cho khách hàng VIP, quy trình có khác không?",Không đủ dữ liệu.,"Tài liệu chính sách hoàn tiền không đề cập đến quy trình đặc biệt cho khách hàng VIP. Theo chính sách hiện hành, tất cả yêu cầu hoàn tiền đều theo cùng quy trình tiêu chuẩn trong 3-5 ngày làm việc.",1,"The answer states 'Không đủ dữ liệu' (Not enough data), which does not provide any information supported by the context.",1,The answer does not address the question about whether the refund process for VIP customers is different.,5,Retrieved: 1/1 expected sources,0,"The model answer does not provide any information regarding the policy on refunds for VIP customers, nor does it mention the standard processing time for all refund requests.",baseline_dense
q01,SLA,SLA xử lý ticket P1 là bao lâu?,"SLA xử lý ticket P1 bao gồm các thời gian như sau: 
- Phản hồi ban đầu trong 15 phút kể từ khi ticket được tạo.
- Xử lý và khắc phục trong 4 giờ.
- Nếu không có phản hồi trong 10 phút, ticket sẽ tự động escalate lên Senior Engineer.
- Thông báo cho stakeholder ngay khi nhận ticket và cập nhật mỗi 30 phút cho đến khi resolve [1].",Ticket P1 có SLA phản hồi ban đầu 15 phút và thời gian xử lý (resolution) là 4 giờ.,5,All information in the answer is directly supported by the context provided.,5,"The answer directly provides the SLA details for handling P1 tickets, including response and resolution times.",5,Retrieved: 1/1 expected sources,1,"The model answer covers all key points from the expected answer, including the initial response time and resolution time for ticket P1.",variant_hybrid_rerank
q02,Refund,Khách hàng có thể yêu cầu hoàn tiền trong bao nhiêu ngày?,"Khách hàng có thể yêu cầu hoàn tiền trong vòng 7 ngày làm việc kể từ thời điểm xác nhận đơn hàng [1], [2].",Khách hàng có thể yêu cầu hoàn tiền trong vòng 7 ngày làm việc kể từ thời điểm xác nhận đơn hàng.,5,All information in the answer is directly supported by the context provided.,5,The answer directly addresses the query by specifying the time frame for requesting a refund.,5,Retrieved: 1/1 expected sources,1,The model answer fully covers the key point from the expected answer regarding the timeframe for requesting a refund.,variant_hybrid_rerank
q03,Access Control,Ai phải phê duyệt để cấp quyền Level 3?,"Để cấp quyền Level 3, yêu cầu phải được phê duyệt bởi Line Manager, IT Admin và IT Security [1].","Level 3 (Elevated Access) cần phê duyệt từ Line Manager, IT Admin, và IT Security.",5,All information in the answer is directly supported by the context provided.,5,The answer directly addresses the query by specifying who must approve the granting of Level 3 permissions.,5,Retrieved: 1/1 expected sources,100,The model answer includes all key points from the expected answer regarding the approval required for Level 3 access.,variant_hybrid_rerank
q04,Refund,Sản phẩm kỹ thuật số có được hoàn tiền không?,"Sản phẩm thuộc danh mục hàng kỹ thuật số (license key, subscription) không được hoàn tiền theo quy định [1].","Không. Theo chính sách hoàn tiền, sản phẩm thuộc danh mục hàng kỹ thuật số (license key, subscription) là ngoại lệ không được hoàn tiền.",5,The answer accurately reflects the information provided in the context regarding the non-refundable nature of digital products.,5,"The answer directly addresses the query about the refund policy for digital products, stating that they are not eligible for refunds.",5,Retrieved: 1/1 expected sources,1,"The model answer covers all key points from the expected answer, stating that digital products (license key, subscription) are exceptions and not eligible for refunds.",variant_hybrid_rerank
q05,IT Helpdesk,Tài khoản bị khóa sau bao nhiêu lần đăng nhập sai?,"Tài khoản bị khóa sau 5 lần đăng nhập sai liên tiếp. Để mở khóa, bạn có thể liên hệ IT Helpdesk hoặc tự reset qua portal SSO [1].",Tài khoản bị khóa sau 5 lần đăng nhập sai liên tiếp.,5,All information in the answer is directly supported by the context provided.,5,The answer directly addresses the query by stating that the account is locked after 5 consecutive failed login attempts.,5,Retrieved: 1/1 expected sources,1,"The model answer includes all key points from the expected answer, providing the number of failed login attempts and additional information on how to unlock the account.",variant_hybrid_rerank
q06,SLA,Escalation trong sự cố P1 diễn ra như thế nào?,"Escalation trong sự cố P1 diễn ra theo quy trình sau:

1. Nếu không có phản hồi trong 10 phút kể từ khi ticket được tạo, ticket sẽ tự động escalate lên Senior Engineer [3].
2. Trong quá trình xử lý, nếu engineer cần hỗ trợ thêm, họ có thể escalate ngay [2].

Ngoài ra, trong trường hợp cần thay đổi quyền hệ thống khẩn cấp, on-call IT Admin có thể cấp quyền tạm thời (tối đa 24 giờ) sau khi được Tech Lead phê duyệt bằng lời [1].",Ticket P1 tự động escalate lên Senior Engineer nếu không có phản hồi trong 10 phút sau khi tạo ticket.,5,All information in the answer is directly supported by the retrieved context regarding the escalation process for P1 incidents.,5,"The answer directly addresses the query about the escalation process in a P1 incident, providing a clear and detailed explanation of the steps involved.",5,Retrieved: 1/1 expected sources,1,"The model answer covers the key point from the expected answer regarding the automatic escalation of the P1 ticket to a Senior Engineer if there is no response within 10 minutes. It also provides additional relevant information about the escalation process and support, which enhances the completeness of the answer.",variant_hybrid_rerank
q07,Access Control,Approval Matrix để cấp quyền hệ thống là tài liệu nào?,Không đủ dữ liệu.,Tài liệu 'Approval Matrix for System Access' hiện tại có tên mới là 'Access Control SOP' (access-control-sop.md).,1,"The answer states 'Không đủ dữ liệu' (Not enough data), which does not provide any information supported by the context.",1,The answer does not address the query about the 'Approval Matrix' and instead states a lack of data.,5,Retrieved: 1/1 expected sources,0,"Model answer does not provide any relevant information regarding the document names or their relationship, thus failing to address the query.",variant_hybrid_rerank
q08,HR Policy,Nhân viên được làm remote tối đa mấy ngày mỗi tuần?,Nhân viên sau probation period có thể làm remote tối đa 2 ngày/tuần [1].,"Nhân viên sau probation period có thể làm remote tối đa 2 ngày/tuần, với điều kiện được Team Lead phê duyệt.",5,All information in the answer is directly supported by the context provided.,5,The answer directly addresses the query by specifying the maximum number of remote work days allowed per week for employees after the probation period.,5,Retrieved: 1/1 expected sources,1,"The model answer fully covers all key points from the expected answer, including the maximum number of remote days and the requirement for Team Lead approval.",variant_hybrid_rerank
q09,Insufficient Context,ERR-403-AUTH là lỗi gì và cách xử lý?,Không đủ dữ liệu.,"Không tìm thấy thông tin về ERR-403-AUTH trong tài liệu hiện có. Đây có thể là lỗi liên quan đến xác thực (authentication), hãy liên hệ IT Helpdesk.",1,"The answer states 'Không đủ dữ liệu' (Not enough data), which does not provide any information or context, indicating a lack of support from the retrieved context.",1,The answer does not provide any information about the ERR-403-AUTH error or how to handle it.,,No expected sources,1,"Model answer does not provide any information about ERR-403-AUTH or suggest contacting IT Helpdesk, which are key points in the expected answer.",variant_hybrid_rerank
q10,Refund,"Nếu cần hoàn tiền khẩn cấp cho khách hàng VIP, quy trình có khác không?",Không đủ dữ liệu.,"Tài liệu chính sách hoàn tiền không đề cập đến quy trình đặc biệt cho khách hàng VIP. Theo chính sách hiện hành, tất cả yêu cầu hoàn tiền đều theo cùng quy trình tiêu chuẩn trong 3-5 ngày làm việc.",1,"The answer states 'Không đủ dữ liệu' (Not enough data), which does not provide any information or context, indicating a lack of support from the retrieved context.",1,The answer does not address the query about the refund process for VIP customers.,5,Retrieved: 1/1 expected sources,0,"The model answer does not provide any information regarding the policy on refunds for VIP customers, nor does it mention the standard refund process timeframe.",variant_hybrid_rerank
